Empresa,RAM_Norm,DSPI,Share_A_Norm,MCR_Norm,CRC
Disney,63.293165534273996,48.07348648040313,33.50985583995293,20.490924547385628,74.99999999999997
Globoplay,0,4.424946382388478,12.827302147690498,4.872483381863413,0
HBO,84.91592479296463,36.85398119824115,0,0,62.49999999999998
Netflix,100,100,100,100,100
Prime,46.7539859922354,43.63979099025546,55.4869079140924,34.81827005469403,37.50000000000003
